admin = Randy Radmer <radmer@gmail.com>
asarnold = Allison Arnold <asarnold@alum.mit.edu>
ascholz = Andreas Scholz <anscho86@gmail.com>
aseth = Ajay Seth <aseth@stanford.edu>
aymanh = Ayman Habib <ahabib@stanford.edu>
cassidykelly = Cassidy Kelly <cassidy@cassidykelly.com>
chrisdembia = Christopher Dembia <cld72@cornell.edu>
cmbruns = Christopher Bruns <christopher.bruns@gmail.com>
ctj = Chand John <malayaleescholar@gmail.com>
erang = Eran Guendelman <eran.guendelman@gmail.com>
fca = Frank Clay Anderson <fc.anderson3@gmail.com>
friedrim = Mark Friedrichs <friedrim@stanford.edu>
hsu = John Hsu <hsu@osrfoundation.org>
jacklm = Jack Middleton <jack.middleton@gmail.com>
jenhicks = Jennifer Hicks <jenleehicks@gmail.com>
jmwang = Jack Wang <jack.m.wang@gmail.com>
joyku = Joy Ku <joyku@stanford.edu>
kevinxu = Kevin Xu <kevunix@gmail.com>
kingchurch = Kevin He <kevin.he@gmail.com>
knuspel = Andreas Scholz <anscho86@gmail.com>
ksaul = Kate Saul <katesaul@gmail.com>
ltflores = Lorenzo Flores <ltflores@gmail.com>
mdemers = Matt DeMers <matt.s.demers@gmail.com>
mitiguy = Paul Mitiguy <mitiguy@motiongenesis.com>
mjhmilla = Matthew Millard <millard.matthew@gmail.com>
mql = May Liu <mynameismay.notmary@gmail.com>
msherman = Michael Sherman <sherm1@gmail.com>
nicolaspronost = Nicolas Pronost <nicolas.pronost@uu.nl>
peastman = Peter Eastman <peter.eastman@gmail.com>
ploan = Peter Loan <james.peter.loan@gmail.com>
radmer = Randy Radmer <radmer@gmail.com>
reinbolt = Jeff Reinbolt <reinbolt@utk.edu>
samner = Samuel Hamner <sam.hamner@gmail.com>
saryn = Saryn Goldberg <saryn.goldberg@hofstra.edu>
sherm = Michael Sherman <sherm1@gmail.com>
stavness = Ian Stavness <stavness@gmail.com>
tkuchida = Thomas Uchida <tom.uchida@gmail.com>
twdorn = Tim Dorn <tim@timzone.net>
zackgalbreath = Zack Galbreath <zack.galbreath@kitware.com>
jonathan = Jonathan Walter <jonathan.walter@unimelb.edu.au>
jingjingliu = Jingjing Liu <unknown>
ahabib = Ayman Habib <ahabib@stanford.edu>
emel = Emel Demircan <emeld@stanford.edu>
etom = Tom Erez <etom@cs.washington.edu>
ibarbosa = Unknown <unknown>
ijonkers = Ilse Jonkers <ilse.jonkers@faber.kuleuven.be>
justkoit = Ko Sasaki <unknown>
kennys = Kenny Smith <unknown>
nmbldev = NMBL Dev <unknown>
pvehrhart = Unknown <unknown>
shimm = Unknown <unknown>
